#,Category,Problem,Difficulty,LeetCode URL
1,Array,Two Sum,Easy,https://leetcode.com/problems/two-sum/
2,Array,Best Time to Buy and Sell Stock,Easy,https://leetcode.com/problems/best-time-to-buy-and-sell-stock/
3,Array,Contains Duplicate,Easy,https://leetcode.com/problems/contains-duplicate/
4,Array,Product of Array Except Self,Medium,https://leetcode.com/problems/product-of-array-except-self/
5,Array,Maximum Subarray,Medium,https://leetcode.com/problems/maximum-subarray/
6,Array,Maximum Product Subarray,Medium,https://leetcode.com/problems/maximum-product-subarray/
7,Array,Find Minimum in Rotated Sorted Array,Medium,https://leetcode.com/problems/find-minimum-in-rotated-sorted-array/
8,Array,Search in Rotated Sorted Array,Medium,https://leetcode.com/problems/search-in-rotated-sorted-array/
9,Array,3Sum,Medium,https://leetcode.com/problems/3sum/
10,Array,Container With Most Water,Medium,https://leetcode.com/problems/container-with-most-water/
11,Binary,Sum of Two Integers,Medium,https://leetcode.com/problems/sum-of-two-integers/
12,Binary,Number of 1 Bits,Easy,https://leetcode.com/problems/number-of-1-bits/
13,Binary,Counting Bits,Easy,https://leetcode.com/problems/counting-bits/
14,Binary,Missing Number,Easy,https://leetcode.com/problems/missing-number/
15,Binary,Reverse Bits,Easy,https://leetcode.com/problems/reverse-bits/
16,Dynamic Programming,Climbing Stairs,Easy,https://leetcode.com/problems/climbing-stairs/
17,Dynamic Programming,Coin Change,Medium,https://leetcode.com/problems/coin-change/
18,Dynamic Programming,Longest Increasing Subsequence,Medium,https://leetcode.com/problems/longest-increasing-subsequence/
19,Dynamic Programming,Longest Common Subsequence,Medium,https://leetcode.com/problems/longest-common-subsequence/
20,Dynamic Programming,Word Break,Medium,https://leetcode.com/problems/word-break/
21,Dynamic Programming,Combination Sum,Medium,https://leetcode.com/problems/combination-sum/
22,Dynamic Programming,House Robber,Medium,https://leetcode.com/problems/house-robber/
23,Dynamic Programming,House Robber II,Medium,https://leetcode.com/problems/house-robber-ii/
24,Dynamic Programming,Decode Ways,Medium,https://leetcode.com/problems/decode-ways/
25,Dynamic Programming,Unique Paths,Medium,https://leetcode.com/problems/unique-paths/
26,Dynamic Programming,Jump Game,Medium,https://leetcode.com/problems/jump-game/
27,Graph,Clone Graph,Medium,https://leetcode.com/problems/clone-graph/
28,Graph,Course Schedule,Medium,https://leetcode.com/problems/course-schedule/
29,Graph,Pacific Atlantic Water Flow,Medium,https://leetcode.com/problems/pacific-atlantic-water-flow/
30,Graph,Number of Islands,Medium,https://leetcode.com/problems/number-of-islands/
31,Graph,Longest Consecutive Sequence,Medium,https://leetcode.com/problems/longest-consecutive-sequence/
32,Graph,Alien Dictionary (Premium),Hard,https://leetcode.com/problems/alien-dictionary/
33,Graph,Graph Valid Tree (Premium),Medium,https://leetcode.com/problems/graph-valid-tree/
34,Graph,Number of Connected Components in an Undirected Graph (Premium),Medium,https://leetcode.com/problems/number-of-connected-components-in-an-undirected-graph/
35,Interval,Insert Interval,Medium,https://leetcode.com/problems/insert-interval/
36,Interval,Merge Intervals,Medium,https://leetcode.com/problems/merge-intervals/
37,Interval,Non-overlapping Intervals,Medium,https://leetcode.com/problems/non-overlapping-intervals/
38,Interval,Meeting Rooms (Premium),Easy,https://leetcode.com/problems/meeting-rooms/
39,Interval,Meeting Rooms II (Premium),Medium,https://leetcode.com/problems/meeting-rooms-ii/
40,Linked List,Reverse Linked List,Easy,https://leetcode.com/problems/reverse-linked-list/
41,Linked List,Linked List Cycle,Easy,https://leetcode.com/problems/linked-list-cycle/
42,Linked List,Merge Two Sorted Lists,Easy,https://leetcode.com/problems/merge-two-sorted-lists/
43,Linked List,Merge k Sorted Lists,Hard,https://leetcode.com/problems/merge-k-sorted-lists/
44,Linked List,Remove Nth Node From End of List,Medium,https://leetcode.com/problems/remove-nth-node-from-end-of-list/
45,Linked List,Reorder List,Medium,https://leetcode.com/problems/reorder-list/
46,Matrix,Set Matrix Zeroes,Medium,https://leetcode.com/problems/set-matrix-zeroes/
47,Matrix,Spiral Matrix,Medium,https://leetcode.com/problems/spiral-matrix/
48,Matrix,Rotate Image,Medium,https://leetcode.com/problems/rotate-image/
49,Matrix,Word Search,Medium,https://leetcode.com/problems/word-search/
50,String,Longest Substring Without Repeating Characters,Medium,https://leetcode.com/problems/longest-substring-without-repeating-characters/
51,String,Longest Repeating Character Replacement,Medium,https://leetcode.com/problems/longest-repeating-character-replacement/
52,String,Minimum Window Substring,Hard,https://leetcode.com/problems/minimum-window-substring/
53,String,Valid Anagram,Easy,https://leetcode.com/problems/valid-anagram/
54,String,Group Anagrams,Medium,https://leetcode.com/problems/group-anagrams/
55,String,Valid Parentheses,Easy,https://leetcode.com/problems/valid-parentheses/
56,String,Valid Palindrome,Easy,https://leetcode.com/problems/valid-palindrome/
57,String,Longest Palindromic Substring,Medium,https://leetcode.com/problems/longest-palindromic-substring/
58,String,Palindromic Substrings,Medium,https://leetcode.com/problems/palindromic-substrings/
59,String,Encode and Decode Strings (Premium),Medium,https://leetcode.com/problems/encode-and-decode-strings/
60,Tree,Maximum Depth of Binary Tree,Easy,https://leetcode.com/problems/maximum-depth-of-binary-tree/
61,Tree,Same Tree,Easy,https://leetcode.com/problems/same-tree/
62,Tree,Invert Binary Tree,Easy,https://leetcode.com/problems/invert-binary-tree/
63,Tree,Binary Tree Maximum Path Sum,Hard,https://leetcode.com/problems/binary-tree-maximum-path-sum/
64,Tree,Binary Tree Level Order Traversal,Medium,https://leetcode.com/problems/binary-tree-level-order-traversal/
65,Tree,Serialize and Deserialize Binary Tree,Hard,https://leetcode.com/problems/serialize-and-deserialize-binary-tree/
66,Tree,Subtree of Another Tree,Easy,https://leetcode.com/problems/subtree-of-another-tree/
67,Tree,Construct Binary Tree from Preorder and Inorder Traversal,Medium,https://leetcode.com/problems/construct-binary-tree-from-preorder-and-inorder-traversal/
68,Tree,Validate Binary Search Tree,Medium,https://leetcode.com/problems/validate-binary-search-tree/
69,Tree,Kth Smallest Element in a BST,Medium,https://leetcode.com/problems/kth-smallest-element-in-a-bst/
70,Tree,Lowest Common Ancestor of a BST,Medium,https://leetcode.com/problems/lowest-common-ancestor-of-a-binary-search-tree/
71,Tree,Implement Trie (Prefix Tree),Medium,https://leetcode.com/problems/implement-trie-prefix-tree/
72,Tree,Design Add and Search Words Data Structure,Medium,https://leetcode.com/problems/design-add-and-search-words-data-structure/
73,Tree,Word Search II,Hard,https://leetcode.com/problems/word-search-ii/
74,Heap,Top K Frequent Elements,Medium,https://leetcode.com/problems/top-k-frequent-elements/
75,Heap,Find Median from Data Stream,Hard,https://leetcode.com/problems/find-median-from-data-stream/
